profile,split,cer,wer,ser,exact_match_case_sensitive,exact_match_case_insensitive,char_accuracy,avg_confidence,line_fps_batch_throughput,avg_line_latency_ms_batch,num_eval_samples,tag,single_line_latency_ms,page_latency_ms,lines_per_page_second
quality_2304,grouped_val,0.01991795563580601,0.053734017370581845,0.2743764172335601,0.7256235827664399,0.7414965986394558,0.980082044364194,0.9878600199656872,10.344533342188267,96.66941629176105,1323,quality_2304_grouped_val,505.92970808332893,,
quality_2304,camera_hard,0.5625475516040535,0.8839193903905531,0.88671875,0.11328125,0.11328125,0.43745244839594655,0.9608785689342767,10.489737673078931,95.33126863281049,256,quality_2304_camera_hard,399.4328668750029,,
adaptive_realtime,grouped_val,0.020071379740187547,0.05521358707244045,0.2766439909297052,0.7233560090702947,0.7392290249433107,0.9799286202598124,0.9832530843427663,9.436937841994396,105.96657694935719,1323,adaptive_realtime_grouped_val,473.18950616667144,,
adaptive_realtime,camera_hard,0.5682668785386629,0.8832249459461087,0.88671875,0.11328125,0.11328125,0.43173312146133713,0.9525763723067939,6.855091246583048,145.87697873437565,256,adaptive_realtime_camera_hard,558.9969878750006,,
quality_2304,page_demo,1.133592583132933,1.0093717198980356,0.8333333333333334,0.16666666666666666,0.16666666666666666,,0.9654858915702157,,,3,quality_2304_page_demo,,3149.402792999998,2.4343239561820864
adaptive_realtime,page_demo,1.133592583132933,1.0093717198980356,0.8333333333333334,0.16666666666666666,0.16666666666666666,,0.9654858915702157,,,3,adaptive_realtime_page_demo,,3693.623121333379,2.07564941381974
