{
  "cer": 0.5625475516040535,
  "wer": 0.8839193903905531,
  "ser": 0.88671875,
  "exact_match_case_sensitive": 0.11328125,
  "exact_match_case_insensitive": 0.11328125,
  "char_accuracy": 0.43745244839594655,
  "avg_confidence": 0.9608785689342767,
  "line_fps_batch_throughput": 10.489737673078931,
  "avg_line_latency_ms_batch": 95.33126863281049,
  "num_eval_samples": 256,
  "tag": "quality_2304_camera_hard",
  "single_line_latency_ms": 399.4328668750029
}