stage,split,cer,wer,ser,exact_match_case_sensitive,exact_match_case_insensitive,char_accuracy,avg_confidence,line_fps_batch_throughput,avg_line_latency_ms_batch,num_eval_samples,tag,decoder,beam_width,accepted_correction_ratio,avg_token_corrections
baseline_raw,grouped_val,0.01991795563580601,0.053734017370581845,0.2743764172335601,0.7256235827664399,0.7414965986394558,0.980082044364194,0.9878600191997923,9.509544080973278,105.15751244066504,1323,baseline_raw_grouped_val,greedy,10.0,,
baseline_raw,camera_hard,0.5625475516040535,0.8839193903905531,0.88671875,0.11328125,0.11328125,0.43745244839594655,0.9608785698655993,9.695936905970319,103.1359846601565,256,baseline_raw_camera_hard,greedy,10.0,,
baseline_plus_token_corrector,grouped_val,0.019588275193957626,0.052583752501496106,0.273620559334845,0.7263794406651549,0.7422524565381708,0.9804117248060423,0.9878600191997923,,,1323,baseline_plus_token_corrector_grouped_val,,,0.011337868480725623,0.011337868480725623
baseline_plus_token_corrector,camera_hard,0.5576023033652153,0.8725057280979844,0.87109375,0.12890625,0.12890625,0.4423976966347847,0.9608785698655993,,,256,baseline_plus_token_corrector_camera_hard,,,0.109375,0.109375
