acc,loss,val_acc,val_loss
0.19476701319217682,0.43232929706573486,0.24721664190292358,0.20718160271644592
0.2501661479473114,0.17090725898742676,0.262642502784729,0.1410512924194336
0.26028674840927124,0.12735404074192047,0.2674715220928192,0.12120062112808228
0.26550957560539246,0.1060696691274643,0.26921528577804565,0.1138908788561821
0.2688438296318054,0.09302105009555817,0.2697518765926361,0.10998080670833588
0.2711244523525238,0.08418063074350357,0.2727029025554657,0.10788717120885849
0.2729240953922272,0.07745250314474106,0.27162978053092957,0.10836916416883469
0.27433183789253235,0.07203725725412369,0.27082496881484985,0.11008016020059586
