{
  "cer": 0.01991795563580601,
  "wer": 0.053734017370581845,
  "ser": 0.2743764172335601,
  "exact_match_case_sensitive": 0.7256235827664399,
  "exact_match_case_insensitive": 0.7414965986394558,
  "char_accuracy": 0.980082044364194,
  "avg_confidence": 0.9878600199656872,
  "line_fps_batch_throughput": 10.344533342188267,
  "avg_line_latency_ms_batch": 96.66941629176105,
  "num_eval_samples": 1323,
  "tag": "quality_2304_grouped_val",
  "single_line_latency_ms": 505.92970808332893
}