{
  "cer": 0.021159403812842138,
  "wer": 0.0552987084269582,
  "ser": 0.2857142857142857,
  "exact_match_case_sensitive": 0.7142857142857143,
  "exact_match_case_insensitive": 0.7309145880574452,
  "avg_confidence": 0.9843780768251023,
  "line_fps_batch_throughput": 11.109106026912755,
  "avg_line_latency_ms_batch": 90.01624411338004,
  "num_eval_samples": 1323,
  "tag": "profile_clean_grouped_val"
}