{
  "cer": 0.5650213121956406,
  "wer": 0.8839031143488862,
  "ser": 0.88671875,
  "exact_match_case_sensitive": 0.11328125,
  "exact_match_case_insensitive": 0.11328125,
  "avg_confidence": 0.9506560502341017,
  "line_fps_batch_throughput": 11.220856942044897,
  "avg_line_latency_ms_batch": 89.11975307812448,
  "num_eval_samples": 256,
  "tag": "profile_clean_camera_hard"
}