{
  "cer": 0.028006922178339656,
  "wer": 0.07614582668622209,
  "ser": 0.36130007558578986,
  "exact_match_case_sensitive": 0.6386999244142101,
  "exact_match_case_insensitive": 0.6621315192743764,
  "avg_confidence": 0.9822171197096147,
  "line_fps_batch_throughput": 11.080775245826002,
  "avg_line_latency_ms_batch": 90.24639321844276,
  "num_eval_samples": 1323,
  "tag": "profile_robust_grouped_val"
}