{
  "cer": 0.47092619479968423,
  "wer": 0.7356874359649852,
  "ser": 0.8828125,
  "exact_match_case_sensitive": 0.1171875,
  "exact_match_case_insensitive": 0.12109375,
  "avg_confidence": 0.9570271724369377,
  "line_fps_batch_throughput": 10.927506760718869,
  "avg_line_latency_ms_batch": 91.51218314453047,
  "num_eval_samples": 256,
  "tag": "profile_blend_a35_camera_hard"
}